{"levelType":0,"levelName":"Waffle Fry","levelDescription":null,"width":17,"height":17,"colors":[{"x":0.1882353,"y":0.172549024,"z":0.180392161},{"x":0.956862748,"y":0.7058824,"z":0.105882354},{"x":0.956862748,"y":0.494117647,"z":0.105882354},{"x":0.956862748,"y":0.635294139,"z":0.105882354}],"colorGrid":[[0,0,1,1,1,1,1,1,1,1,1,1,1,0,0,0,0],[0,1,1,2,3,1,1,2,3,1,1,3,1,1,0,0,0],[1,1,4,2,2,3,4,2,2,3,4,2,3,1,1,0,0],[1,2,3,1,2,2,3,1,2,2,3,1,2,3,1,1,0],[1,2,2,3,4,2,2,3,4,2,2,3,1,2,3,1,1],[1,1,2,2,3,1,2,2,3,1,2,2,3,4,2,3,1],[1,1,4,2,2,3,4,2,2,3,1,2,2,3,1,1,1],[1,2,3,1,2,2,3,1,2,2,3,4,2,2,3,1,1],[1,2,2,3,4,2,2,3,1,2,2,3,1,2,2,3,1],[1,1,2,2,3,1,2,2,3,4,2,2,3,4,2,2,1],[1,1,4,2,2,3,1,2,2,3,1,2,2,3,1,1,1],[1,2,3,1,4,2,3,4,2,2,3,4,2,2,3,1,1],[1,1,2,3,1,2,2,3,1,2,2,3,1,2,2,3,1],[0,1,1,2,3,4,2,2,3,4,2,2,3,4,2,2,1],[0,0,1,1,2,3,1,2,2,3,1,4,2,3,4,1,1],[0,0,0,1,1,2,1,1,2,2,1,1,4,2,1,1,0],[0,0,0,0,1,1,1,1,1,1,1,1,1,1,1,0,0]],"goalSpot":{"x":5,"y":15,"magnitude":15.811388,"sqrMagnitude":250},"specialTile":[{"id":1,"subid":0,"colorIndex":1,"position":{"x":8,"y":14,"magnitude":16.1245155,"sqrMagnitude":260},"direction":1}],"cutsceneid":"","messages":[],"associatedSteamID":null,"difficulty":0,"environmentName":null}